{
  "status": [
    {
      "jsonrpc": "2.0",
      "result": {
        "chain_id": "testnet",
        "latest_protocol_version": 22,
        "protocol_version": 22,
        "rpc_addr": "0.0.0.0:3030",
        "sync_info": {
          "latest_block_hash": "BwriiJV8JoQHCnrjfZ154vgAjpWdLLBxXrijAPRMWUud",
          "latest_block_height": 8541639,
          "latest_block_time": "2020-07-03T13:18:13.672556924Z",
          "latest_state_root": "Dcbk1aFNrmVn5kxVpqw4FzE5L2hvtvp5zE2uWcdYB14v",
          "syncing": false
        },
        "validators": [
          {
            "account_id": "node3",
            "is_slashed": false
          },
          {
            "account_id": "cryptium.stakingpool",
            "is_slashed": false
          },
          {
            "account_id": "node2",
            "is_slashed": false
          },
          {
            "account_id": "pool_dokiacapital.stakingpool",
            "is_slashed": false
          },
          {
            "account_id": "bisontrails.stakingpool",
            "is_slashed": false
          },
          {
            "account_id": "certusone.stakingpool",
            "is_slashed": false
          },
          {
            "account_id": "stakepool.hashquark.testnet",
            "is_slashed": false
          },
          {
            "account_id": "staked.stakingpool",
            "is_slashed": false
          }
        ],
        "version": {
          "build": "ebe21b33",
          "version": "1.0.0"
        }
      }
    }
  ],
  "query_get_nonces": [
    {
      "jsonrpc": "2.0",
      "result": {
        "result": [
          123,
          34,
          111,
          114,
          97,
          99,
          108,
          101,
          46,
          116,
          101,
          115,
          116,
          110,
          101,
          116,
          34,
          58,
          34,
          49,
          34,
          44,
          34,
          99,
          108,
          105,
          101,
          110,
          116,
          46,
          111,
          114,
          97,
          99,
          108,
          101,
          46,
          116,
          101,
          115,
          116,
          110,
          101,
          116,
          34,
          58,
          34,
          49,
          34,
          125
        ],
        "logs": [],
        "block_height": 9877069,
        "block_hash": "4kB4SyEfvJQBcdXtfxAe7Km1TBYV1jgQGoJwh165Ldpz"
      }
    }
  ],
  "query_get_requests": [
    {
      "jsonrpc": "2.0",
      "result": {
        "result": [
          91,
          123,
          34,
          110,
          111,
          110,
          99,
          101,
          34,
          58,
          34,
          49,
          34,
          44,
          34,
          114,
          101,
          113,
          117,
          101,
          115,
          116,
          34,
          58,
          123,
          34,
          99,
          97,
          108,
          108,
          101,
          114,
          95,
          97,
          99,
          99,
          111,
          117,
          110,
          116,
          34,
          58,
          34,
          99,
          108,
          105,
          101,
          110,
          116,
          46,
          111,
          114,
          97,
          99,
          108,
          101,
          46,
          116,
          101,
          115,
          116,
          110,
          101,
          116,
          34,
          44,
          34,
          114,
          101,
          113,
          117,
          101,
          115,
          116,
          95,
          115,
          112,
          101,
          99,
          34,
          58,
          34,
          98,
          87,
          57,
          106,
          97,
          119,
          61,
          61,
          34,
          44,
          34,
          99,
          97,
          108,
          108,
          98,
          97,
          99,
          107,
          95,
          97,
          100,
          100,
          114,
          101,
          115,
          115,
          34,
          58,
          34,
          99,
          108,
          105,
          101,
          110,
          116,
          46,
          111,
          114,
          97,
          99,
          108,
          101,
          46,
          116,
          101,
          115,
          116,
          110,
          101,
          116,
          34,
          44,
          34,
          99,
          97,
          108,
          108,
          98,
          97,
          99,
          107,
          95,
          109,
          101,
          116,
          104,
          111,
          100,
          34,
          58,
          34,
          116,
          111,
          107,
          101,
          110,
          95,
          112,
          114,
          105,
          99,
          101,
          95,
          99,
          97,
          108,
          108,
          98,
          97,
          99,
          107,
          34,
          44,
          34,
          100,
          97,
          116,
          97,
          34,
          58,
          34,
          101,
          121,
          74,
          110,
          90,
          88,
          81,
          105,
          79,
          105,
          74,
          111,
          100,
          72,
          82,
          119,
          99,
          122,
          111,
          118,
          76,
          50,
          49,
          112,
          98,
          105,
          49,
          104,
          99,
          71,
          107,
          117,
          89,
          51,
          74,
          53,
          99,
          72,
          82,
          118,
          89,
          50,
          57,
          116,
          99,
          71,
          70,
          121,
          90,
          83,
          53,
          106,
          98,
          50,
          48,
          118,
          90,
          71,
          70,
          48,
          89,
          83,
          57,
          119,
          99,
          109,
          108,
          106,
          90,
          84,
          57,
          109,
          99,
          51,
          108,
          116,
          80,
          85,
          74,
          85,
          81,
          121,
          90,
          48,
          99,
          51,
          108,
          116,
          99,
          122,
          49,
          86,
          85,
          48,
          81,
          105,
          76,
          67,
          74,
          119,
          89,
          88,
          82,
          111,
          73,
          106,
          111,
          105,
          86,
          86,
          78,
          69,
          73,
          105,
          119,
          105,
          100,
          71,
          108,
          116,
          90,
          88,
          77,
          105,
          79,
          106,
          69,
          119,
          77,
          72,
          48,
          61,
          34,
          44,
          34,
          112,
          97,
          121,
          109,
          101,
          110,
          116,
          34,
          58,
          49,
          48,
          44,
          34,
          101,
          120,
          112,
          105,
          114,
          97,
          116,
          105,
          111,
          110,
          34,
          58,
          49,
          57,
          48,
          54,
          50,
          57,
          51,
          52,
          50,
          55,
          50,
          52,
          54,
          51,
          48,
          54,
          55,
          48,
          48,
          125,
          125,
          44,
          123,
          34,
          110,
          111,
          110,
          99,
          101,
          34,
          58,
          34,
          50,
          34,
          44,
          34,
          114,
          101,
          113,
          117,
          101,
          115,
          116,
          34,
          58,
          123,
          34,
          99,
          97,
          108,
          108,
          101,
          114,
          95,
          97,
          99,
          99,
          111,
          117,
          110,
          116,
          34,
          58,
          34,
          99,
          108,
          105,
          101,
          110,
          116,
          46,
          111,
          114,
          97,
          99,
          108,
          101,
          46,
          116,
          101,
          115,
          116,
          110,
          101,
          116,
          34,
          44,
          34,
          114,
          101,
          113,
          117,
          101,
          115,
          116,
          95,
          115,
          112,
          101,
          99,
          34,
          58,
          34,
          98,
          87,
          57,
          106,
          97,
          119,
          61,
          61,
          34,
          44,
          34,
          99,
          97,
          108,
          108,
          98,
          97,
          99,
          107,
          95,
          97,
          100,
          100,
          114,
          101,
          115,
          115,
          34,
          58,
          34,
          99,
          108,
          105,
          101,
          110,
          116,
          46,
          111,
          114,
          97,
          99,
          108,
          101,
          46,
          116,
          101,
          115,
          116,
          110,
          101,
          116,
          34,
          44,
          34,
          99,
          97,
          108,
          108,
          98,
          97,
          99,
          107,
          95,
          109,
          101,
          116,
          104,
          111,
          100,
          34,
          58,
          34,
          116,
          111,
          107,
          101,
          110,
          95,
          112,
          114,
          105,
          99,
          101,
          95,
          99,
          97,
          108,
          108,
          98,
          97,
          99,
          107,
          34,
          44,
          34,
          100,
          97,
          116,
          97,
          34,
          58,
          34,
          101,
          121,
          74,
          110,
          90,
          88,
          81,
          105,
          79,
          105,
          74,
          111,
          100,
          72,
          82,
          119,
          99,
          122,
          111,
          118,
          76,
          50,
          49,
          112,
          98,
          105,
          49,
          104,
          99,
          71,
          107,
          117,
          89,
          51,
          74,
          53,
          99,
          72,
          82,
          118,
          89,
          50,
          57,
          116,
          99,
          71,
          70,
          121,
          90,
          83,
          53,
          106,
          98,
          50,
          48,
          118,
          90,
          71,
          70,
          48,
          89,
          83,
          57,
          119,
          99,
          109,
          108,
          106,
          90,
          84,
          57,
          109,
          99,
          51,
          108,
          116,
          80,
          85,
          74,
          85,
          81,
          121,
          90,
          48,
          99,
          51,
          108,
          116,
          99,
          122,
          49,
          86,
          85,
          48,
          81,
          105,
          76,
          67,
          74,
          119,
          89,
          88,
          82,
          111,
          73,
          106,
          111,
          105,
          86,
          86,
          78,
          69,
          73,
          105,
          119,
          105,
          100,
          71,
          108,
          116,
          90,
          88,
          77,
          105,
          79,
          106,
          69,
          119,
          77,
          72,
          48,
          61,
          34,
          44,
          34,
          112,
          97,
          121,
          109,
          101,
          110,
          116,
          34,
          58,
          49,
          48,
          44,
          34,
          101,
          120,
          112,
          105,
          114,
          97,
          116,
          105,
          111,
          110,
          34,
          58,
          49,
          57,
          48,
          54,
          50,
          57,
          51,
          52,
          50,
          55,
          50,
          52,
          54,
          51,
          48,
          54,
          55,
          48,
          48,
          125,
          125,
          93
        ],
        "logs": [],
        "block_height": 9877069,
        "block_hash": "4kB4SyEfvJQBcdXtfxAe7Km1TBYV1jgQGoJwh165Ldpz"
      }
    }
  ],
  "query_get_all_requests": [
    {
      "jsonrpc": "2.0",
      "result": {
        "result": [
          123,
          34,
          111,
          114,
          97,
          99,
          108,
          101,
          46,
          116,
          101,
          115,
          116,
          110,
          101,
          116,
          34,
          58,
          91,
          123,
          34,
          110,
          111,
          110,
          99,
          101,
          34,
          58,
          34,
          49,
          34,
          44,
          34,
          114,
          101,
          113,
          117,
          101,
          115,
          116,
          34,
          58,
          123,
          34,
          99,
          97,
          108,
          108,
          101,
          114,
          95,
          97,
          99,
          99,
          111,
          117,
          110,
          116,
          34,
          58,
          34,
          111,
          114,
          97,
          99,
          108,
          101,
          46,
          116,
          101,
          115,
          116,
          110,
          101,
          116,
          34,
          44,
          34,
          114,
          101,
          113,
          117,
          101,
          115,
          116,
          95,
          115,
          112,
          101,
          99,
          34,
          58,
          34,
          98,
          87,
          57,
          106,
          97,
          119,
          61,
          61,
          34,
          44,
          34,
          99,
          97,
          108,
          108,
          98,
          97,
          99,
          107,
          95,
          97,
          100,
          100,
          114,
          101,
          115,
          115,
          34,
          58,
          34,
          99,
          108,
          105,
          101,
          110,
          116,
          46,
          111,
          114,
          97,
          99,
          108,
          101,
          46,
          116,
          101,
          115,
          116,
          110,
          101,
          116,
          34,
          44,
          34,
          99,
          97,
          108,
          108,
          98,
          97,
          99,
          107,
          95,
          109,
          101,
          116,
          104,
          111,
          100,
          34,
          58,
          34,
          116,
          111,
          107,
          101,
          110,
          95,
          112,
          114,
          105,
          99,
          101,
          95,
          99,
          97,
          108,
          108,
          98,
          97,
          99,
          107,
          34,
          44,
          34,
          100,
          97,
          116,
          97,
          34,
          58,
          34,
          101,
          121,
          74,
          110,
          90,
          88,
          81,
          105,
          79,
          105,
          74,
          111,
          100,
          72,
          82,
          119,
          99,
          122,
          111,
          118,
          76,
          50,
          49,
          112,
          98,
          105,
          49,
          104,
          99,
          71,
          107,
          117,
          89,
          51,
          74,
          53,
          99,
          72,
          82,
          118,
          89,
          50,
          57,
          116,
          99,
          71,
          70,
          121,
          90,
          83,
          53,
          106,
          98,
          50,
          48,
          118,
          90,
          71,
          70,
          48,
          89,
          83,
          57,
          119,
          99,
          109,
          108,
          106,
          90,
          84,
          57,
          109,
          99,
          51,
          108,
          116,
          80,
          85,
          86,
          85,
          83,
          67,
          90,
          48,
          99,
          51,
          108,
          116,
          99,
          122,
          49,
          86,
          85,
          48,
          81,
          105,
          76,
          67,
          74,
          119,
          89,
          88,
          82,
          111,
          73,
          106,
          111,
          105,
          86,
          86,
          78,
          69,
          73,
          105,
          119,
          105,
          100,
          71,
          108,
          116,
          90,
          88,
          77,
          105,
          79,
          106,
          69,
          119,
          77,
          72,
          48,
          61,
          34,
          44,
          34,
          112,
          97,
          121,
          109,
          101,
          110,
          116,
          34,
          58,
          49,
          48,
          44,
          34,
          101,
          120,
          112,
          105,
          114,
          97,
          116,
          105,
          111,
          110,
          34,
          58,
          49,
          57,
          48,
          54,
          50,
          57,
          51,
          52,
          50,
          55,
          50,
          52,
          54,
          51,
          48,
          54,
          55,
          48,
          48,
          125,
          125,
          44,
          123,
          34,
          110,
          111,
          110,
          99,
          101,
          34,
          58,
          34,
          50,
          34,
          44,
          34,
          114,
          101,
          113,
          117,
          101,
          115,
          116,
          34,
          58,
          123,
          34,
          99,
          97,
          108,
          108,
          101,
          114,
          95,
          97,
          99,
          99,
          111,
          117,
          110,
          116,
          34,
          58,
          34,
          111,
          114,
          97,
          99,
          108,
          101,
          46,
          116,
          101,
          115,
          116,
          110,
          101,
          116,
          34,
          44,
          34,
          114,
          101,
          113,
          117,
          101,
          115,
          116,
          95,
          115,
          112,
          101,
          99,
          34,
          58,
          34,
          98,
          87,
          57,
          106,
          97,
          119,
          61,
          61,
          34,
          44,
          34,
          99,
          97,
          108,
          108,
          98,
          97,
          99,
          107,
          95,
          97,
          100,
          100,
          114,
          101,
          115,
          115,
          34,
          58,
          34,
          99,
          108,
          105,
          101,
          110,
          116,
          46,
          111,
          114,
          97,
          99,
          108,
          101,
          46,
          116,
          101,
          115,
          116,
          110,
          101,
          116,
          34,
          44,
          34,
          99,
          97,
          108,
          108,
          98,
          97,
          99,
          107,
          95,
          109,
          101,
          116,
          104,
          111,
          100,
          34,
          58,
          34,
          116,
          111,
          107,
          101,
          110,
          95,
          112,
          114,
          105,
          99,
          101,
          95,
          99,
          97,
          108,
          108,
          98,
          97,
          99,
          107,
          34,
          44,
          34,
          100,
          97,
          116,
          97,
          34,
          58,
          34,
          101,
          121,
          74,
          110,
          90,
          88,
          81,
          105,
          79,
          105,
          74,
          111,
          100,
          72,
          82,
          119,
          99,
          122,
          111,
          118,
          76,
          50,
          49,
          112,
          98,
          105,
          49,
          104,
          99,
          71,
          107,
          117,
          89,
          51,
          74,
          53,
          99,
          72,
          82,
          118,
          89,
          50,
          57,
          116,
          99,
          71,
          70,
          121,
          90,
          83,
          53,
          106,
          98,
          50,
          48,
          118,
          90,
          71,
          70,
          48,
          89,
          83,
          57,
          119,
          99,
          109,
          108,
          106,
          90,
          84,
          57,
          109,
          99,
          51,
          108,
          116,
          80,
          85,
          74,
          85,
          81,
          121,
          90,
          48,
          99,
          51,
          108,
          116,
          99,
          122,
          49,
          86,
          85,
          48,
          81,
          105,
          76,
          67,
          74,
          119,
          89,
          88,
          82,
          111,
          73,
          106,
          111,
          105,
          86,
          86,
          78,
          69,
          73,
          105,
          119,
          105,
          100,
          71,
          108,
          116,
          90,
          88,
          77,
          105,
          79,
          106,
          69,
          119,
          77,
          72,
          48,
          61,
          34,
          44,
          34,
          112,
          97,
          121,
          109,
          101,
          110,
          116,
          34,
          58,
          49,
          48,
          44,
          34,
          101,
          120,
          112,
          105,
          114,
          97,
          116,
          105,
          111,
          110,
          34,
          58,
          49,
          57,
          48,
          54,
          50,
          57,
          51,
          52,
          50,
          55,
          50,
          52,
          54,
          51,
          48,
          54,
          55,
          48,
          48,
          125,
          125,
          44,
          123,
          34,
          110,
          111,
          110,
          99,
          101,
          34,
          58,
          34,
          51,
          34,
          44,
          34,
          114,
          101,
          113,
          117,
          101,
          115,
          116,
          34,
          58,
          123,
          34,
          99,
          97,
          108,
          108,
          101,
          114,
          95,
          97,
          99,
          99,
          111,
          117,
          110,
          116,
          34,
          58,
          34,
          111,
          114,
          97,
          99,
          108,
          101,
          46,
          116,
          101,
          115,
          116,
          110,
          101,
          116,
          34,
          44,
          34,
          114,
          101,
          113,
          117,
          101,
          115,
          116,
          95,
          115,
          112,
          101,
          99,
          34,
          58,
          34,
          98,
          87,
          57,
          106,
          97,
          119,
          61,
          61,
          34,
          44,
          34,
          99,
          97,
          108,
          108,
          98,
          97,
          99,
          107,
          95,
          97,
          100,
          100,
          114,
          101,
          115,
          115,
          34,
          58,
          34,
          99,
          108,
          105,
          101,
          110,
          116,
          46,
          111,
          114,
          97,
          99,
          108,
          101,
          46,
          116,
          101,
          115,
          116,
          110,
          101,
          116,
          34,
          44,
          34,
          99,
          97,
          108,
          108,
          98,
          97,
          99,
          107,
          95,
          109,
          101,
          116,
          104,
          111,
          100,
          34,
          58,
          34,
          116,
          111,
          107,
          101,
          110,
          95,
          112,
          114,
          105,
          99,
          101,
          95,
          99,
          97,
          108,
          108,
          98,
          97,
          99,
          107,
          34,
          44,
          34,
          100,
          97,
          116,
          97,
          34,
          58,
          34,
          101,
          121,
          74,
          110,
          90,
          88,
          81,
          105,
          79,
          105,
          74,
          111,
          100,
          72,
          82,
          119,
          99,
          122,
          111,
          118,
          76,
          50,
          49,
          112,
          98,
          105,
          49,
          104,
          99,
          71,
          107,
          117,
          89,
          51,
          74,
          53,
          99,
          72,
          82,
          118,
          89,
          50,
          57,
          116,
          99,
          71,
          70,
          121,
          90,
          83,
          53,
          106,
          98,
          50,
          48,
          118,
          90,
          71,
          70,
          48,
          89,
          83,
          57,
          119,
          99,
          109,
          108,
          106,
          90,
          84,
          57,
          109,
          99,
          51,
          108,
          116,
          80,
          85,
          74,
          85,
          81,
          121,
          90,
          48,
          99,
          51,
          108,
          116,
          99,
          122,
          49,
          86,
          85,
          48,
          81,
          105,
          76,
          67,
          74,
          119,
          89,
          88,
          82,
          111,
          73,
          106,
          111,
          105,
          86,
          86,
          78,
          69,
          73,
          105,
          119,
          105,
          100,
          71,
          108,
          116,
          90,
          88,
          77,
          105,
          79,
          106,
          69,
          119,
          77,
          72,
          48,
          61,
          34,
          44,
          34,
          112,
          97,
          121,
          109,
          101,
          110,
          116,
          34,
          58,
          49,
          48,
          44,
          34,
          101,
          120,
          112,
          105,
          114,
          97,
          116,
          105,
          111,
          110,
          34,
          58,
          49,
          57,
          48,
          54,
          50,
          57,
          51,
          52,
          50,
          55,
          50,
          52,
          54,
          51,
          48,
          54,
          55,
          48,
          48,
          125,
          125,
          93,
          44,
          34,
          99,
          108,
          105,
          101,
          110,
          116,
          46,
          111,
          114,
          97,
          99,
          108,
          101,
          46,
          116,
          101,
          115,
          116,
          110,
          101,
          116,
          34,
          58,
          91,
          123,
          34,
          110,
          111,
          110,
          99,
          101,
          34,
          58,
          34,
          49,
          34,
          44,
          34,
          114,
          101,
          113,
          117,
          101,
          115,
          116,
          34,
          58,
          123,
          34,
          99,
          97,
          108,
          108,
          101,
          114,
          95,
          97,
          99,
          99,
          111,
          117,
          110,
          116,
          34,
          58,
          34,
          99,
          108,
          105,
          101,
          110,
          116,
          46,
          111,
          114,
          97,
          99,
          108,
          101,
          46,
          116,
          101,
          115,
          116,
          110,
          101,
          116,
          34,
          44,
          34,
          114,
          101,
          113,
          117,
          101,
          115,
          116,
          95,
          115,
          112,
          101,
          99,
          34,
          58,
          34,
          98,
          87,
          57,
          106,
          97,
          119,
          61,
          61,
          34,
          44,
          34,
          99,
          97,
          108,
          108,
          98,
          97,
          99,
          107,
          95,
          97,
          100,
          100,
          114,
          101,
          115,
          115,
          34,
          58,
          34,
          99,
          108,
          105,
          101,
          110,
          116,
          46,
          111,
          114,
          97,
          99,
          108,
          101,
          46,
          116,
          101,
          115,
          116,
          110,
          101,
          116,
          34,
          44,
          34,
          99,
          97,
          108,
          108,
          98,
          97,
          99,
          107,
          95,
          109,
          101,
          116,
          104,
          111,
          100,
          34,
          58,
          34,
          116,
          111,
          107,
          101,
          110,
          95,
          112,
          114,
          105,
          99,
          101,
          95,
          99,
          97,
          108,
          108,
          98,
          97,
          99,
          107,
          34,
          44,
          34,
          100,
          97,
          116,
          97,
          34,
          58,
          34,
          101,
          121,
          74,
          110,
          90,
          88,
          81,
          105,
          79,
          105,
          74,
          111,
          100,
          72,
          82,
          119,
          99,
          122,
          111,
          118,
          76,
          50,
          49,
          112,
          98,
          105,
          49,
          104,
          99,
          71,
          107,
          117,
          89,
          51,
          74,
          53,
          99,
          72,
          82,
          118,
          89,
          50,
          57,
          116,
          99,
          71,
          70,
          121,
          90,
          83,
          53,
          106,
          98,
          50,
          48,
          118,
          90,
          71,
          70,
          48,
          89,
          83,
          57,
          119,
          99,
          109,
          108,
          106,
          90,
          84,
          57,
          109,
          99,
          51,
          108,
          116,
          80,
          85,
          86,
          85,
          83,
          67,
          90,
          48,
          99,
          51,
          108,
          116,
          99,
          122,
          49,
          86,
          85,
          48,
          81,
          105,
          76,
          67,
          74,
          119,
          89,
          88,
          82,
          111,
          73,
          106,
          111,
          105,
          86,
          86,
          78,
          69,
          73,
          105,
          119,
          105,
          100,
          71,
          108,
          116,
          90,
          88,
          77,
          105,
          79,
          106,
          69,
          119,
          77,
          72,
          48,
          61,
          34,
          44,
          34,
          112,
          97,
          121,
          109,
          101,
          110,
          116,
          34,
          58,
          49,
          48,
          44,
          34,
          101,
          120,
          112,
          105,
          114,
          97,
          116,
          105,
          111,
          110,
          34,
          58,
          49,
          57,
          48,
          54,
          50,
          57,
          51,
          52,
          50,
          55,
          50,
          52,
          54,
          51,
          48,
          54,
          55,
          48,
          48,
          125,
          125,
          44,
          123,
          34,
          110,
          111,
          110,
          99,
          101,
          34,
          58,
          34,
          50,
          34,
          44,
          34,
          114,
          101,
          113,
          117,
          101,
          115,
          116,
          34,
          58,
          123,
          34,
          99,
          97,
          108,
          108,
          101,
          114,
          95,
          97,
          99,
          99,
          111,
          117,
          110,
          116,
          34,
          58,
          34,
          99,
          108,
          105,
          101,
          110,
          116,
          46,
          111,
          114,
          97,
          99,
          108,
          101,
          46,
          116,
          101,
          115,
          116,
          110,
          101,
          116,
          34,
          44,
          34,
          114,
          101,
          113,
          117,
          101,
          115,
          116,
          95,
          115,
          112,
          101,
          99,
          34,
          58,
          34,
          98,
          87,
          57,
          106,
          97,
          119,
          61,
          61,
          34,
          44,
          34,
          99,
          97,
          108,
          108,
          98,
          97,
          99,
          107,
          95,
          97,
          100,
          100,
          114,
          101,
          115,
          115,
          34,
          58,
          34,
          99,
          108,
          105,
          101,
          110,
          116,
          46,
          111,
          114,
          97,
          99,
          108,
          101,
          46,
          116,
          101,
          115,
          116,
          110,
          101,
          116,
          34,
          44,
          34,
          99,
          97,
          108,
          108,
          98,
          97,
          99,
          107,
          95,
          109,
          101,
          116,
          104,
          111,
          100,
          34,
          58,
          34,
          116,
          111,
          107,
          101,
          110,
          95,
          112,
          114,
          105,
          99,
          101,
          95,
          99,
          97,
          108,
          108,
          98,
          97,
          99,
          107,
          34,
          44,
          34,
          100,
          97,
          116,
          97,
          34,
          58,
          34,
          101,
          121,
          74,
          110,
          90,
          88,
          81,
          105,
          79,
          105,
          74,
          111,
          100,
          72,
          82,
          119,
          99,
          122,
          111,
          118,
          76,
          50,
          49,
          112,
          98,
          105,
          49,
          104,
          99,
          71,
          107,
          117,
          89,
          51,
          74,
          53,
          99,
          72,
          82,
          118,
          89,
          50,
          57,
          116,
          99,
          71,
          70,
          121,
          90,
          83,
          53,
          106,
          98,
          50,
          48,
          118,
          90,
          71,
          70,
          48,
          89,
          83,
          57,
          119,
          99,
          109,
          108,
          106,
          90,
          84,
          57,
          109,
          99,
          51,
          108,
          116,
          80,
          85,
          74,
          85,
          81,
          121,
          90,
          48,
          99,
          51,
          108,
          116,
          99,
          122,
          49,
          86,
          85,
          48,
          81,
          105,
          76,
          67,
          74,
          119,
          89,
          88,
          82,
          111,
          73,
          106,
          111,
          105,
          86,
          86,
          78,
          69,
          73,
          105,
          119,
          105,
          100,
          71,
          108,
          116,
          90,
          88,
          77,
          105,
          79,
          106,
          69,
          119,
          77,
          72,
          48,
          61,
          34,
          44,
          34,
          112,
          97,
          121,
          109,
          101,
          110,
          116,
          34,
          58,
          49,
          48,
          44,
          34,
          101,
          120,
          112,
          105,
          114,
          97,
          116,
          105,
          111,
          110,
          34,
          58,
          49,
          57,
          48,
          54,
          50,
          57,
          51,
          52,
          50,
          55,
          50,
          52,
          54,
          51,
          48,
          54,
          55,
          48,
          48,
          125,
          125,
          93,
          125
        ],
        "logs": [],
        "block_height": 9876524,
        "block_hash": "4ZBuESDHH6scJShL5bzjABnoXhfA2YcmsJRA2risFfJc"
      }
    }
  ],
  "error_MethodNotFound": [
    {
      "jsonrpc": "2.0",
      "result": {
        "error": "wasm execution failed with error: FunctionCallError(MethodResolveError(MethodNotFound))",
        "logs": [],
        "block_height": 9026193,
        "block_hash": "552d2pvgngG4ogB4WFswGc7oh6ERz9EDrt5U2Zg2E8wQ"
      }
    }
  ]
}
