{
  "operations": [
    [],
    [],
    [],
    [
      {
        "protocol": "nonsense",
        "chainID": "main",
        "hash": "8BADF00D8BADF00D8BADF00D8BADF00D8BADF00D8BADF00D8BADF00D",
        "branch": "8BADF00D",
        "contents": [
          {
            "kind": "transaction",
            "source": "tz1Q8dtxfG6AbAnYtaFLwcw6WPYCCntbf2Jk",
            "fee": "100000",
            "counter": "1469017",
            "gas_limit": "750000",
            "storage_limit": "1000",
            "amount": "0",
            "destination": "KT1EfcYSSmqcLthMH1uwYn1mDjML1gsX2SP2",
            "parameters": {
              "entrypoint": "default",
              "value": {
                "prim": "Right",
                "args": [
                  {
                    "prim": "Left",
                    "args": [
                      {
                        "prim": "Unit"
                      }
                    ]
                  }
                ]
              }
            },
            "metadata": {
              "balance_updates": [
                {
                  "kind": "contract",
                  "contract": "tz1Q8dtxfG6AbAnYtaFLwcw6WPYCCntbf2Jk",
                  "change": "-100000"
                },
                {
                  "kind": "freezer",
                  "category": "fees",
                  "delegate": "tz1Ke2h7sDdakHJQh8WX4Z372du1KChsksyU",
                  "cycle": 277,
                  "change": "100000"
                }
              ],
              "operation_result": {
                "status": "applied",
                "storage": {
                  "prim": "Pair",
                  "args": [
                    {
                      "prim": "Pair",
                      "args": [
                        {
                          "bytes": "00007539e349d38f3762a7f7ce381e6e36a986090696"
                        },
                        {
                          "prim": "Pair",
                          "args": [
                            {
                              "int": "2"
                            },
                            {
                              "bytes": "019b1c03bed5e07b153bbff1bf216f5d621a0767d500"
                            }
                          ]
                        }
                      ]
                    },
                    {
                      "prim": "Pair",
                      "args": [
                        {
                          "prim": "Pair",
                          "args": [
                            {
                              "bytes": "012439cf083ae5f0f5c0a133a7fdf49976ce2432c300"
                            },
                            {
                              "prim": "Some",
                              "args": [
                                {
                                  "int": "1"
                                }
                              ]
                            }
                          ]
                        },
                        {
                          "prim": "Pair",
                          "args": [
                            {
                              "int": "0"
                            },
                            {
                              "bytes": "0001"
                            }
                          ]
                        }
                      ]
                    }
                  ]
                },
                "balance_updates": [
                  {
                    "kind": "contract",
                    "contract": "tz1Q8dtxfG6AbAnYtaFLwcw6WPYCCntbf2Jk",
                    "change": "-2000"
                  }
                ],
                "consumed_gas": "224595",
                "storage_size": "2439",
                "paid_storage_size_diff": "2"
              },
              "internal_operation_results": [
                {
                  "kind": "transaction",
                  "source": "KT1EfcYSSmqcLthMH1uwYn1mDjML1gsX2SP2",
                  "nonce": 0,
                  "amount": "0",
                  "destination": "KT1BtK9HryqaQ5kXzhsJvDfUZfcpwsdFpMQN",
                  "parameters": {
                    "entrypoint": "proxy",
                    "value": {
                      "prim": "Pair",
                      "args": [
                        {
                          "bytes": "019b1c03bed5e07b153bbff1bf216f5d621a0767d500"
                        },
                        {
                          "prim": "Pair",
                          "args": [
                            {
                              "prim": "Pair",
                              "args": [
                                {
                                  "int": "2"
                                },
                                {
                                  "prim": "Pair",
                                  "args": [
                                    {
                                      "int": "1"
                                    },
                                    {
                                      "bytes": "0001"
                                    }
                                  ]
                                }
                              ]
                            },
                            {
                              "prim": "Pair",
                              "args": [
                                [
                                  {
                                    "prim": "Elt",
                                    "args": [
                                      {
                                        "string": "from"
                                      },
                                      {
                                        "prim": "Right",
                                        "args": [
                                          {
                                            "prim": "Right",
                                            "args": [
                                              {
                                                "string": "XTZ"
                                              }
                                            ]
                                          }
                                        ]
                                      }
                                    ]
                                  },
                                  {
                                    "prim": "Elt",
                                    "args": [
                                      {
                                        "string": "multiply"
                                      },
                                      {
                                        "prim": "Right",
                                        "args": [
                                          {
                                            "prim": "Left",
                                            "args": [
                                              {
                                                "int": "10000"
                                              }
                                            ]
                                          }
                                        ]
                                      }
                                    ]
                                  },
                                  {
                                    "prim": "Elt",
                                    "args": [
                                      {
                                        "string": "to"
                                      },
                                      {
                                        "prim": "Right",
                                        "args": [
                                          {
                                            "prim": "Right",
                                            "args": [
                                              {
                                                "string": "USD"
                                              }
                                            ]
                                          }
                                        ]
                                      }
                                    ]
                                  }
                                ],
                                {
                                  "prim": "Pair",
                                  "args": [
                                    {
                                      "bytes": "0142bb4d77aa56a4eb134be44597783636ffe2b8ae007365745f78747a757364"
                                    },
                                    {
                                      "int": "1594815460"
                                    }
                                  ]
                                }
                              ]
                            }
                          ]
                        }
                      ]
                    }
                  },
                  "result": {
                    "status": "applied",
                    "storage": {
                      "prim": "Pair",
                      "args": [
                        {
                          "prim": "Pair",
                          "args": [
                            {
                              "bytes": "000065c1192ac41c582a0492b1f2ca1cc9fee790a7f1"
                            },
                            {
                              "prim": "Pair",
                              "args": [
                                {
                                  "int": "1"
                                },
                                {
                                  "int": "10059"
                                }
                              ]
                            }
                          ]
                        },
                        {
                          "prim": "Pair",
                          "args": [
                            {
                              "prim": "Pair",
                              "args": [
                                {
                                  "prim": "Unit"
                                },
                                {
                                  "int": "10060"
                                }
                              ]
                            },
                            {
                              "prim": "Pair",
                              "args": [
                                {
                                  "prim": "False"
                                },
                                {
                                  "int": "10061"
                                }
                              ]
                            }
                          ]
                        }
                      ]
                    },
                    "big_map_diff": [
                      {
                        "action": "update",
                        "big_map": "10059",
                        "key_hash": "exprvHAVWporVuKLxDEgnkLqcGy7sMZdRU7oJ7Wbr3YsKXLbbAATRN",
                        "key": {
                          "prim": "Pair",
                          "args": [
                            {
                              "bytes": "0142bb4d77aa56a4eb134be44597783636ffe2b8ae00"
                            },
                            {
                              "int": "0"
                            }
                          ]
                        },
                        "value": {
                          "int": "998"
                        }
                      },
                      {
                        "action": "update",
                        "big_map": "10059",
                        "key_hash": "exprthGoc6NKnqtNfpHzudy3qKLTxLMTKzAaXagiqn1qL2KYNQQztR",
                        "key": {
                          "prim": "Pair",
                          "args": [
                            {
                              "bytes": "019b1c03bed5e07b153bbff1bf216f5d621a0767d500"
                            },
                            {
                              "int": "0"
                            }
                          ]
                        },
                        "value": {
                          "int": "2"
                        }
                      }
                    ],
                    "balance_updates": [
                      {
                        "kind": "contract",
                        "contract": "tz1Q8dtxfG6AbAnYtaFLwcw6WPYCCntbf2Jk",
                        "change": "-67000"
                      }
                    ],
                    "consumed_gas": "258137",
                    "storage_size": "8903",
                    "paid_storage_size_diff": "67"
                  }
                },
                {
                  "kind": "transaction",
                  "source": "KT1BtK9HryqaQ5kXzhsJvDfUZfcpwsdFpMQN",
                  "nonce": 1,
                  "amount": "0",
                  "destination": "0x2aD9B7b9386c2f45223dDFc4A4d81C2957bAE19A",
                  "parameters": {
                    "entrypoint": "create_request",
                    "value": {
                      "prim": "Pair",
                      "args": [
                        {
                          "bytes": "0142bb4d77aa56a4eb134be44597783636ffe2b8ae00"
                        },
                        {
                          "prim": "Pair",
                          "args": [
                            {
                              "prim": "Pair",
                              "args": [
                                {
                                  "int": "2"
                                },
                                {
                                  "prim": "Pair",
                                  "args": [
                                    {
                                      "int": "1"
                                    },
                                    {
                                      "bytes": "mock"
                                    }
                                  ]
                                }
                              ]
                            },
                            {
                              "prim": "Pair",
                              "args": [
                                [
                                  {
                                    "prim": "Elt",
                                    "args": [
                                      {
                                        "string": "from"
                                      },
                                      {
                                        "prim": "Right",
                                        "args": [
                                          {
                                            "prim": "Right",
                                            "args": [
                                              {
                                                "string": "XTZ"
                                              }
                                            ]
                                          }
                                        ]
                                      }
                                    ]
                                  },
                                  {
                                    "prim": "Elt",
                                    "args": [
                                      {
                                        "string": "multiply"
                                      },
                                      {
                                        "prim": "Right",
                                        "args": [
                                          {
                                            "prim": "Left",
                                            "args": [
                                              {
                                                "int": "10000"
                                              }
                                            ]
                                          }
                                        ]
                                      }
                                    ]
                                  },
                                  {
                                    "prim": "Elt",
                                    "args": [
                                      {
                                        "string": "to"
                                      },
                                      {
                                        "prim": "Right",
                                        "args": [
                                          {
                                            "prim": "Right",
                                            "args": [
                                              {
                                                "string": "USD"
                                              }
                                            ]
                                          }
                                        ]
                                      }
                                    ]
                                  }
                                ],
                                {
                                  "prim": "Pair",
                                  "args": [
                                    {
                                      "bytes": "0142bb4d77aa56a4eb134be44597783636ffe2b8ae007365745f78747a757364"
                                    },
                                    {
                                      "int": "1594815460"
                                    }
                                  ]
                                }
                              ]
                            }
                          ]
                        }
                      ]
                    }
                  },
                  "result": {
                    "status": "applied",
                    "storage": {
                      "prim": "Pair",
                      "args": [
                        {
                          "prim": "Pair",
                          "args": [
                            {
                              "prim": "Pair",
                              "args": [
                                {
                                  "prim": "True"
                                },
                                {
                                  "bytes": "00001257c4edc38abcdd5039e7313fcb87e0db42c743"
                                }
                              ]
                            },
                            {
                              "prim": "Pair",
                              "args": [
                                {
                                  "int": "0"
                                },
                                {
                                  "int": "0"
                                }
                              ]
                            }
                          ]
                        },
                        {
                          "prim": "Pair",
                          "args": [
                            {
                              "prim": "Pair",
                              "args": [
                                {
                                  "int": "1"
                                },
                                {
                                  "int": "10065"
                                }
                              ]
                            },
                            {
                              "prim": "Pair",
                              "args": [
                                {
                                  "int": "10066"
                                },
                                {
                                  "bytes": "012439cf083ae5f0f5c0a133a7fdf49976ce2432c300"
                                }
                              ]
                            }
                          ]
                        }
                      ]
                    },
                    "big_map_diff": [
                      {
                        "action": "update",
                        "big_map": "10066",
                        "key_hash": "exprua5vA8enk8gpXUGU85Q7BU5TGEk89VYcgspJtuKjHdkiFPMWZ9",
                        "key": {
                          "prim": "Pair",
                          "args": [
                            {
                              "bytes": "0142bb4d77aa56a4eb134be44597783636ffe2b8ae00"
                            },
                            {
                              "int": "1"
                            }
                          ]
                        },
                        "value": {
                          "int": "0"
                        }
                      },
                      {
                        "action": "update",
                        "big_map": "10065",
                        "key_hash": "exprtZBwZUeYYYfUs9B9Rg2ywHezVHnCCnmF9WsDQVrs582dSK63dC",
                        "key": {
                          "int": "0"
                        },
                        "value": {
                          "prim": "Pair",
                          "args": [
                            {
                              "prim": "Pair",
                              "args": [
                                {
                                  "int": "2"
                                },
                                {
                                  "prim": "Pair",
                                  "args": [
                                    {
                                      "bytes": "0142bb4d77aa56a4eb134be44597783636ffe2b8ae00"
                                    },
                                    {
                                      "int": "1"
                                    }
                                  ]
                                }
                              ]
                            },
                            {
                              "prim": "Pair",
                              "args": [
                                {
                                  "prim": "Pair",
                                  "args": [
                                    {
                                      "bytes": "test123"
                                    },
                                    [
                                      {
                                        "prim": "Elt",
                                        "args": [
                                          {
                                            "string": "from"
                                          },
                                          {
                                            "prim": "Right",
                                            "args": [
                                              {
                                                "prim": "Right",
                                                "args": [
                                                  {
                                                    "string": "XTZ"
                                                  }
                                                ]
                                              }
                                            ]
                                          }
                                        ]
                                      },
                                      {
                                        "prim": "Elt",
                                        "args": [
                                          {
                                            "string": "multiply"
                                          },
                                          {
                                            "prim": "Right",
                                            "args": [
                                              {
                                                "prim": "Left",
                                                "args": [
                                                  {
                                                    "int": "10000"
                                                  }
                                                ]
                                              }
                                            ]
                                          }
                                        ]
                                      },
                                      {
                                        "prim": "Elt",
                                        "args": [
                                          {
                                            "string": "to"
                                          },
                                          {
                                            "prim": "Right",
                                            "args": [
                                              {
                                                "prim": "Right",
                                                "args": [
                                                  {
                                                    "string": "USD"
                                                  }
                                                ]
                                              }
                                            ]
                                          }
                                        ]
                                      }
                                    ]
                                  ]
                                },
                                {
                                  "prim": "Pair",
                                  "args": [
                                    {
                                      "bytes": "0142bb4d77aa56a4eb134be44597783636ffe2b8ae007365745f78747a757364"
                                    },
                                    {
                                      "int": "1594815460"
                                    }
                                  ]
                                }
                              ]
                            }
                          ]
                        }
                      }
                    ],
                    "balance_updates": [
                      {
                        "kind": "contract",
                        "contract": "tz1Q8dtxfG6AbAnYtaFLwcw6WPYCCntbf2Jk",
                        "change": "-297000"
                      }
                    ],
                    "consumed_gas": "92331",
                    "storage_size": "4359",
                    "paid_storage_size_diff": "297"
                  }
                }
              ]
            }
          }
        ]
      }
    ]
  ],
  "monitor": {
    "hash": "8BADF00D8BADF00D8BADF00D8BADF00D8BADF00D8BADF00D8BADF00D",
    "level": 0,
    "proto": 0,
    "predecessor": "BaDc0Ff3BaDc0Ff3BaDc0Ff3BaDc0Ff3BaDc0Ff3BaDc0Ff3BaDc0Ff3",
    "validationPass": 0,
    "operationsHash": "00000000000000000000000000000000000000000000000000000000",
    "context": "00000000000000000000000000000000000000000000000000000000",
    "protocolData": ""
  }
}
